player_id,n_routes,mean_dist_react,max_sprint,mean_route_dist,acc_dist,acc_int_dist,mean_int_pct,mean_route_eff,p66_max_sprint
QEA-0252,66,5.046325243111363,28.656690707734118,57.68917783109,3807.48573685194,934.9755324686348,0.19386760413393103,0.9072969696969695,22.69559368883262
HCI-2523,6,6.086620804455419,24.28236121609969,55.09859940055164,330.59159640330984,101.63276744147464,0.23424585338548817,0.8769666666666667,21.612363200587687
YJD-0172,1,3.632064789643911,21.297498823747198,67.28141448696657,67.28141448696657,12.053064917739595,0.17914404757460112,0.9197,21.297498823747198
ESW-1541,4,6.413761954171099,25.753370675808515,69.1935095974743,276.7740383898972,22.40334449026777,0.07469003994517995,0.96295,25.63648943883399
CGA-1547,7,4.910289641519118,27.421821390331548,61.04680205093832,427.32761435656823,137.35500742826025,0.2430408505542749,0.9166,22.982017105556164
OXG-0134,11,3.5762475317763003,26.33668065777865,51.672214301787534,568.3943573196628,149.17122363945649,0.19128374122405917,0.8542090909090909,20.32793383855807
QEA-0421,22,5.661123771432664,29.26040228000712,65.69742137812248,1445.3432703186945,242.56179103544147,0.14230126030182394,0.9007772727272729,25.43321405669726
CRQ-2066,9,4.8951310547984175,26.25897604166504,58.88629574366915,529.9766616930224,111.20197996054125,0.17359536865252678,0.9060777777777778,22.762791533968183
WNA-1574,3,8.185426572455054,25.990107727258767,59.850412047558315,179.55123614267495,45.419665682879,0.16369420455595232,0.9478333333333334,24.612529214185198
MHY-1227,9,8.322144559619666,29.965432179058997,63.116359176854786,568.047232591693,155.9833318452114,0.22383344934960137,0.9248,21.60049125058261
OWH-1692,9,4.954099507643605,24.614663359257754,60.45764334504603,544.1187901054143,109.83186566496718,0.14829049464831595,0.9125777777777776,23.380620587462175
IXC-2065,7,6.3672026454300825,27.194146348353275,67.8434383047007,474.9040681329049,78.9813139728741,0.15538310678849257,0.8532000000000001,24.974195677618194
JMJ-1034,5,5.33319213187776,25.428017399600428,46.61354525094059,233.06772625470296,76.55727406420772,0.29663602685065943,0.97348,20.751354838594942
YJD-0166,9,3.5876653273056656,29.41637195324933,55.86021132389621,502.74190191506585,139.99624069013595,0.179416409331295,0.8676777777777779,22.373298077889146
RQJ-1863,5,6.662032500840238,25.62406501244015,43.93209318346508,219.66046591732538,80.29366858911122,0.21383229464242753,0.9097199999999999,22.19794618407823
DMS-1091,2,5.8795834548437265,23.90294983167636,65.68758683742745,131.3751736748549,37.10266752192121,0.2174375161941774,0.9408,21.653140486514342
XFE-2568,4,5.383206170397548,26.57809334212766,71.11862262522413,284.47449050089654,55.06745831802,0.17116858090668108,0.9663999999999999,26.23849532497939
KJH-1357,7,5.930095155922601,28.37422951879636,63.86191294652481,447.0333906256737,160.50536307884653,0.3266714726667442,0.9817571428571429,21.856869571454883
HKR-1872,5,5.0602995573994205,24.656684000905788,61.71951721255825,308.59758606279127,61.27565556238104,0.18311039658333228,0.8398,23.735034705401695
HKR-1484,7,5.826581098848586,24.19129938277205,44.13605950179783,308.9524165125848,92.41363258202742,0.20473383336692347,0.9167428571428571,18.102930298679432
AKX-2463,2,5.246023099710448,14.519438597993489,45.72291489950939,91.44582979901878,9.889311369684505,0.14920083532246647,0.9325,14.273983487650893
KNB-1796,7,3.4485421317293645,24.304027448944886,61.95599459741805,433.6919621819263,55.762152131209206,0.1118795872175221,0.9249142857142857,21.30424636976881
IAQ-1358,4,6.315949526003485,27.549831942714015,65.71112239373659,262.84448957494635,54.39194231530027,0.16503147214837663,0.9133249999999999,23.82882048575609
YJD-0323,1,3.884077359870047,9.286769550123449,34.5105249607936,34.5105249607936,5.1494299234897944,0.14921331765714693,0.8332,9.286769550123449
GEA-1874,2,3.459981111492368,25.686270976965396,39.34324229554587,78.68648459109174,53.682528363844376,0.4005963342601567,0.7611,18.75233623308572
AVV-1172,4,4.988758140857405,15.659753767125691,40.2323145433666,160.9292581734664,36.35443369181398,0.22330214246593894,0.7772,15.160476446801704
YUH-2406,3,5.902143822980835,25.931261379094348,42.987087156061556,128.96126146818466,37.557689371879455,0.19843503280616118,0.8567666666666667,21.952298517205158
JJS-2238,4,5.699918203235648,24.9646647595484,36.67981246036932,146.71924984147728,42.85677794281777,0.25122750222873175,0.7938,17.33445351515852
PHS-1548,3,5.537702447725569,23.142841385816443,60.570856607136996,181.712569821411,59.33622059964446,0.28165720743452943,0.9589333333333334,18.546535384287324
IXC-1016,2,2.8307886306417807,18.55067075755248,36.1798794974202,72.3597589948404,21.14379437959012,0.3340785044373733,0.88685,16.977284563807128
GEA-2234,2,5.65473354101395,23.55346064813865,56.829645217529944,113.65929043505989,29.22999803913266,0.26988634435570014,0.91995,22.242442078119815
WMI-2366,1,5.487147801918131,23.67492734205829,50.62921448700901,50.62921448700901,14.319757277577562,0.282835857175937,0.9909,23.67492734205829
STK-2228,3,4.218934101106671,21.42222804949406,53.44832371867471,160.34497115602412,23.40529739909422,0.14707868644544725,0.8591000000000001,19.61627785368992
ALA-1221,4,5.133868093519284,28.905713853459538,49.07641400677715,196.3056560271086,82.24038826783872,0.27728543285169455,0.909525,19.86514570425854
KIR-2215,1,3.991514812836302,21.354895927384472,76.90870255772597,76.90870255772597,10.921894501680978,0.14201116568678615,0.9032,21.354895927384472
RZQ-0014,42,5.085142669996437,29.1857071151533,49.98607903210203,2099.4153193482853,458.93512636637115,0.17148596843701988,0.889064285714286,22.133385645071932
YJD-0397,87,4.859605223324513,27.903173149108465,53.8530355338329,4685.214091443462,1425.2406622716135,0.22863487837043733,0.8925045977011495,20.829843825434292
QEA-0235,49,5.181265586094398,28.6673527990499,59.504427823423086,2915.716963347731,701.2662428645547,0.18680071145682578,0.9055714285714285,22.852188355660413
YJD-0106,13,4.808529107995687,27.311320986959238,61.225030275523174,795.9253935818012,303.60545335613284,0.25964201516911395,0.9381923076923075,18.405970242368753
GAX-2281,8,3.820705549223169,27.42125553933088,52.944958391582624,423.559667132661,156.99984171421957,0.2807178061138366,0.7429624999999999,19.613991429403065
STK-1713,3,3.480297634508503,20.31778374082434,48.34293243408262,145.02879730224785,6.526231426181155,0.03722396278996995,0.8567666666666667,19.987125939694387
UKI-2443,10,6.387825480400255,31.114235503064993,67.85506819961557,678.5506819961557,165.8555641761857,0.21064516904666242,0.9437300000000001,25.81987624990875
HMN-1633,2,4.8203248762747695,26.109956583702473,63.68702144446722,127.37404288893444,22.8185218590829,0.12451125276574367,0.9493499999999999,23.601471808429718
XLB-2011,1,6.486253918406602,17.997908024875574,46.97142933871523,46.97142933871523,1.7127137676798154,0.036462883752786855,0.9446,17.997908024875574
UEX-2209,2,6.014090040567606,20.032097234305727,41.00689344909222,82.01378689818443,20.495090689542053,0.3014204723197403,0.89895,17.59181637581593
ESW-2213,4,6.198773624639298,26.409915099512112,76.02790946174261,304.11163784697044,54.25425015910684,0.16700580323023903,0.9713750000000001,25.72284926317949
WNA-1047,5,5.438965118526633,19.22507260522295,40.06940168399518,200.3470084199759,54.98848533163907,0.21877348904759067,0.89068,15.713861397453703
JJS-2128,10,5.652171078818446,27.491031614398985,65.82340509266777,658.2340509266777,178.48586618629622,0.23483660526895536,0.8926700000000002,22.05254956467932
JZK-1011,3,3.3445814213484852,21.026099095229895,54.576726145251705,163.7301784357551,31.610454002164303,0.22869541779828062,0.9527,20.96936107092909
RQJ-2500,9,5.3186389598552495,28.755310366014236,55.829285853801736,502.46357268421565,125.98381257231364,0.16821442196031325,0.9491999999999999,21.843413740839964
IHI-1506,4,3.947677267131478,22.975231715185515,54.1632570772902,216.6530283091608,69.7472226791338,0.3123404940698048,0.936175,17.87981408503529
TSZ-1892,9,4.470675689936287,25.031486393280925,49.49420984106998,445.4478885696298,103.0698180584838,0.16161949636708936,0.9288444444444445,19.08131239792826
YJD-0164,3,4.476887318335256,19.73549267525097,33.09438976262942,99.28316928788826,32.658202942734235,0.1856487162882081,0.8199666666666667,18.362470697915818
UKI-1906,3,5.0297202935613585,15.203726943219019,29.944127511218415,89.83238253365525,27.296786404787795,0.22912067203306896,0.9142666666666667,13.1709185344999
RQJ-2422,1,7.68155653964773,23.879456332504084,80.93674161284952,80.93674161284952,6.1373807909516955,0.07582935350065198,0.9582,23.879456332504084
NSO-1437,3,7.926800712345753,23.168278722417345,56.405669455243505,169.21700836573052,48.76765947175898,0.24508238514612132,0.9464333333333332,21.716643795648757
UWE-2003,5,6.5009946834472006,28.18172897408233,66.61775148979515,333.0887574489758,73.1846744093108,0.1872188312837602,0.9412800000000001,26.644567896452237
WJU-2497,10,4.8234029245355154,24.969054462749295,60.19071813788865,601.9071813788865,156.01964662047837,0.20901548154425753,0.9455899999999999,21.25658005823211
KJH-1208,5,3.734615013539236,23.464171541086166,56.9293685796733,284.6468428983665,31.98633303277988,0.09175124350092846,0.94712,22.48152978715079
TEQ-1945,4,4.15975576604529,28.086126203884238,57.033934846568975,228.1357393862759,65.41254451558414,0.23579150489996087,0.968475,23.899618978737173
HMN-1212,13,4.827912949003243,27.611572942896725,55.067406454172456,715.876283904242,176.2846036244604,0.17637328145641168,0.9156692307692308,23.32090980117994
CMS-1094,2,4.871413482759634,17.970108391973938,58.312515489887225,116.62503097977445,21.2293195138653,0.19660837978977003,0.9036,17.861618317730112
WJU-1265,4,4.99783451405173,27.225787294814374,64.22036344693024,256.88145378772094,107.5955126222366,0.26554192123691456,0.8332,22.187949793303826
TSZ-2241,6,4.392456896353143,25.990395595742285,60.25650959916638,361.53905759499827,76.82118411155054,0.17563243647919205,0.9137666666666666,22.40593202472624
YJD-0011,12,3.982322920950612,25.842135853562723,64.6075460923253,775.2905531079035,168.35539392687176,0.17905609246823348,0.9327333333333333,20.384107158594546
PTB-1280,7,4.747908416233678,26.056505412258492,72.76312790271696,509.34189531901876,89.6605671644522,0.15126824825056023,0.9676428571428571,23.440944788410068
VHS-1492,4,5.2715245954088505,25.207065438087017,56.567314880871926,226.2692595234877,37.3016064946941,0.17260450828808055,0.87505,22.16914221399833
IAQ-1927,3,6.022085069761957,21.564476533619068,68.49915705388177,205.4974711616453,22.708810731166707,0.1453648368126507,0.9513000000000001,20.515425832390406
DMS-1197,2,3.9726489988937246,19.728699417456273,56.380093637247676,112.76018727449535,19.2851239860555,0.16176774818046954,0.92835,19.479155577365646
MGJ-1864,8,6.034032334416339,26.89925973750544,39.727438573521496,317.81950858817197,78.06391337122588,0.234303326773169,0.8954625,19.11294969904731
PVJ-1851,10,5.773955726258147,27.612822646266032,63.74872771724082,637.4872771724082,121.61670496328487,0.16002592370595864,0.9292299999999999,22.15067619548476
AKX-1435,2,7.617732425817966,25.541920086096574,73.46092443154575,146.9218488630915,24.060888063099704,0.1591599358534749,0.85965,23.852837990064923
CGA-1458,1,9.734652074540698,23.510720446617363,50.44269969683325,50.44269969683325,11.370952823395877,0.22542316116577193,0.9318,23.510720446617363
BVD-1944,5,6.364458089093857,28.63749386728109,55.79777341616058,278.9888670808029,128.1799556146749,0.28406983615151177,0.9428599999999999,22.761649319481737
IXC-1653,3,3.762545667858267,18.711683135758918,35.613886950078324,106.84166085023497,43.32652939422091,0.29685702867363695,0.9328,16.364400364153887
NYA-2311,2,7.210762969939842,25.891601102212768,73.23293124385651,146.46586248771303,32.08898202490967,0.16086173619007021,0.95345,23.609099984541512
JIL-1444,1,6.1575718456416695,22.353402523834927,57.675172547647506,57.675172547647506,22.723485758781266,0.39399077202601496,0.9351,22.353402523834927
IXC-2149,1,4.197893395034623,18.851342882117073,58.66736503628771,58.66736503628771,11.46137208438164,0.1953619712985644,0.992,18.851342882117073
RZQ-9999,46,5.360855888534664,30.246546552164386,58.42446940607823,2687.5255926795985,629.3822545055056,0.18781295912228285,0.9090826086956525,22.34208374873219
GEA-1555,7,4.965974752634905,29.623486093514764,46.6112048823287,326.2784341763009,88.43161885333966,0.20278196115478433,0.8378571428571429,20.91589549608608
YJD-0019,83,6.783212189463713,29.4974820937907,58.908311690013775,4889.389870271143,1109.8874593901933,0.17339660955532943,0.8425975903614459,22.067220420779346
IHI-2444,11,5.657542382325392,28.583093782425458,63.75452705387368,701.2997975926105,151.5794950052112,0.1717753501694631,0.9676636363636363,23.978609157207355
DYE-0089,27,5.658119629010051,28.475737799880495,54.776471517670274,1478.9647309770974,322.2971418474492,0.1703012063338885,0.919840740740741,22.312554690182793
VZE-1946,3,3.428126581157315,20.60048385961275,51.68341937477741,155.05025812433223,28.512810385394157,0.13314464515898153,0.6807,18.499153956142766
MHY-1398,5,4.697156683042133,22.59081059870245,30.035166407583166,150.17583203791582,51.641560869750776,0.2910409780994691,0.9080600000000001,15.95805544620146
IAK-1589,3,5.1273030913702575,21.22970738325759,45.752973077911456,137.25891923373436,10.872354402564746,0.07881981089062529,0.9007333333333333,19.735372013548535
POW-1527,6,4.840354936175317,23.471409418086004,45.45187836762066,272.71127020572396,51.684190382492105,0.17976013192329277,0.9527333333333333,20.978199003684193
TEQ-1878,4,2.8224507076135175,26.398407721379186,52.409802268980975,209.6392090759239,115.08074423350605,0.2819572840215655,0.9037499999999999,14.912146230865332
JFU-1658,4,5.9687524310472835,27.961374383840944,64.41110065988758,257.6444026395503,5.220845818196944,0.017239301935572736,0.9374,27.12929099569382
YJD-0366,61,5.200381719690797,26.343543120649365,53.58822460428183,3268.8817008611913,747.0922573597643,0.17910211082331504,0.9297557377049182,21.53720386742282
GAX-2306,14,6.86982501947019,29.777580580876794,59.22777394342733,829.1888352079826,230.52475210195587,0.22201800594264598,0.9387357142857142,22.771914562116635
UEX-2239,3,4.423875177980939,24.96314933892641,67.56166115590466,202.68498346771398,37.15832769223574,0.1610572682086597,0.9808333333333333,22.98175478296821
WZR-1875,3,7.006273353075201,25.034177896162642,55.92168212631952,167.76504637895854,54.21790434042935,0.20778828872112112,0.9265,23.10183112073857
UKI-1839,4,4.337554808541437,21.138468410453207,55.01498516947747,220.05994067790988,28.133578311465946,0.13510083104438536,0.92825,19.862195676148705
NSO-1277,4,4.9883795817815155,26.7061278307822,66.49968023515778,265.99872094063113,33.59156763706969,0.11083349984275569,0.825825,25.956650526247994
JJS-1890,10,5.116092408334149,28.674976387581598,54.59742041352225,545.9742041352225,130.63939743351526,0.19176360580694893,0.9105300000000002,24.24157346189102
TEQ-1475,5,4.742827409343165,26.895794976190423,58.711259893220735,293.55629946610367,108.9275167799232,0.26659880738302005,0.9517599999999999,22.673859627930337
ALA-2442,7,5.508779867812696,25.853795174849747,56.32517641657074,394.2762349159952,75.65547821560504,0.16142661407116962,0.8756571428571428,20.116510630181406
QEA-0182,12,5.706515872324874,28.32336638681371,67.8368072205784,814.0416866469408,190.09637683458254,0.18197007321443462,0.9495666666666667,23.71102436215068
DYE-0122,6,6.659811043555357,22.895073304771497,37.900020189914336,227.40012113948603,60.68803397071844,0.16375952726252083,0.9641333333333333,18.095274453176888
LFS-1666,3,6.915789490043856,25.107676213989976,47.15116711649103,141.4535013494731,54.022346349438926,0.33272848454429127,0.9213666666666667,20.488031779438188
KIR-1886,4,7.4840575587499,26.395477715439068,59.19963131531015,236.7985252612406,39.86875909053511,0.13632502986393275,0.9141499999999999,25.23954116454317
RQJ-1583,4,3.6362843849681243,26.525175734125714,71.1579485168696,284.6317940674784,89.08160242811138,0.26725823123557274,0.95905,20.33958384604441
RZQ-0233,10,7.306995511458078,26.089291792454937,64.21145921824828,642.1145921824827,117.65167247586412,0.16224568061181227,0.8953,24.444742604514296
RZQ-0040,1,11.672132199236156,18.901468194329567,37.45162051661866,37.45162051661866,13.961690831696986,0.37279270266827763,0.9737,18.901468194329567
STK-1304,2,5.303443649744651,25.37655434905823,68.63303625369406,137.26607250738812,41.93010922624595,0.2578299461613075,0.9525,24.7888337922301
VMN-2464,2,3.284906331104758,17.373937983519433,42.17962745021008,84.35925490042015,20.853082086869893,0.19750869784940434,0.7491,15.445320920753648
XLB-2094,1,2.617167605472934,15.660775997126667,27.14878443319732,27.14878443319732,9.616493556252586,0.3542145166725628,0.9609,15.660775997126667
QEA-7777,56,4.1973586038836626,28.625127767031394,55.61532086448913,3114.457968411391,852.1037966284379,0.19936215091871748,0.9199142857142856,22.16727718433049
AVV-1862,6,5.486699660206991,23.086676737123472,43.10952683147926,258.65716098887555,71.08550164836389,0.24729931598273328,0.9143833333333334,18.941135407557777
OXG-0085,10,4.389897159823116,28.995708331038465,63.982911904558065,639.8291190455807,121.65115786899872,0.15687765769495893,0.9133799999999999,25.48522003368054
YJD-8888,32,5.492934012850018,28.52928867535666,59.31716525363919,1898.149288116454,489.63607545570494,0.19791451207913105,0.9249468750000003,23.697469504791513
RZQ-7777,51,6.138302506363316,28.322314429119537,48.70737001065318,2484.0758705433122,688.7259826384238,0.20782143807135203,0.8944882352941177,20.695158901499
PTB-1440,5,4.786139293716682,23.28146188053928,59.91920737947478,299.5960368973739,70.95327554419246,0.17887236439107052,0.95928,21.544259055288027
OWH-1045,11,5.363305526542293,26.83591972135711,54.30464311235608,597.3510742359169,98.06918492965943,0.1204114161868206,0.9476272727272727,23.388687680101675
TSZ-1438,7,8.773684077790813,22.77677495464091,58.252808152367514,407.7696570665726,67.69829572340015,0.1676458596399169,0.8750285714285715,21.04557786131527
TKJ-1690,6,5.4871505780312235,28.896332206181786,58.42982031649072,350.5789218989443,150.50756446496052,0.24873025976366148,0.8860666666666667,20.40704856507822
XAX-1460,6,3.939320821851844,24.308876146590222,53.358312536061966,320.1498752163718,97.94604467115545,0.30387900371260473,0.9478,21.308281791538178
JZK-1781,6,4.388778236328717,22.3528835451338,39.28641274058469,235.7184764435081,49.70244558459415,0.18789741304272853,0.9240333333333334,18.682263594834442
DMS-1575,5,6.931723953451875,24.867407345058687,70.52124746971936,352.6062373485968,55.7374789607256,0.14926148215815171,0.9272199999999999,23.24125065966892
UPU-2318,1,6.327681761628041,17.85801656457331,41.37730422075502,41.37730422075502,11.832746776995334,0.28597191140982986,0.9052,17.85801656457331
KJH-1012,2,4.42391506334514,26.13211489822483,90.14714597940873,180.29429195881747,15.981833963258142,0.08426228448858933,0.97595,25.322595458232733
PHS-1359,8,5.299221856661786,25.872210625771128,62.15909848924309,497.27278791394474,135.88960467103672,0.2249241325519027,0.88765,20.0831914847669
FBP-2170,7,3.8859191036894742,26.025822483236556,58.99362294077376,412.9553605854163,118.42082602561639,0.20510233423354637,0.8142142857142857,19.54518900085463
POW-2533,10,5.530497310361812,24.46678003321806,54.400629115661545,544.0062911566155,153.2916689180198,0.2249911464215323,0.9315999999999999,20.93557890124534
YJD-0017,4,5.755727580551385,28.856303488076883,67.31722900507246,269.26891602028985,55.18337991807206,0.17492511320815607,0.9762750000000001,27.46106407312075
CGA-1929,4,5.216692375258308,23.900560674606766,42.08433223442981,168.33732893771924,48.973238777241605,0.2938492790502864,0.9274249999999999,19.351900691880285
UKI-1222,3,4.786027582262399,27.259126212261233,79.50307100616584,238.50921301849752,79.6958459607909,0.21054990443360874,0.9309333333333334,23.280686053910948
RZQ-0328,18,4.1830942613449675,26.361218794486852,61.826555732043026,1112.8780031767744,268.28606818661467,0.18515099435294569,0.9096777777777779,21.759422388906277
MHY-1634,10,6.686245834442661,23.259276659943833,45.11845518764299,451.18455187642985,145.99117853810236,0.2652594058039371,0.9046800000000002,18.636420851877993
MGJ-2320,4,7.692968724664102,25.7074933518385,44.85863542871118,179.43454171484473,93.49823223851138,0.3855661454519404,0.863775,22.57305581993394
DYE-0155,3,4.293719456463349,21.446327690572325,55.59401483025874,166.78204449077623,29.020607118954793,0.18871433925966727,0.9014333333333333,20.484266455450154
YJD-0398,33,4.169507887009123,27.240243851254746,63.46266121570075,2094.2678201181247,483.5832065121421,0.1844745326135356,0.9229878787878788,22.527705242461963
IXC-1068,8,5.051843568622085,25.23258172477272,55.89376026011664,447.15008208093315,82.5189896224409,0.17115241061088074,0.9173125,23.547998400340248
GIS-1420,10,5.069684568127,26.60719720769772,67.78050330227671,677.8050330227671,192.3880759760906,0.2407031517964695,0.9563599999999999,20.345756222817652
MCJ-1010,2,3.5025144829977766,25.927645906474737,44.65956675323532,89.31913350647064,33.06374220989813,0.30697859621132606,0.91025,20.977608657720303
DYE-0408,11,5.233082021545816,26.213464394290583,61.192815451485224,673.1209699663375,90.12194185012649,0.10783498809964871,0.9140727272727273,22.766736069415558
TSZ-2211,2,7.929828928940917,24.91524535898622,93.03407582942648,186.06815165885297,20.252089125415523,0.10126488380166523,0.9511499999999999,23.662158085361742
KQQ-1320,10,8.42155283950559,25.20377681766397,52.15836888445176,521.5836888445176,173.81619332110725,0.2686211089579761,0.8391300000000002,19.75028963366469
RZQ-0415,5,4.80161262942831,26.548582900359854,60.762934052441324,303.8146702622066,110.99383144187374,0.22704468364473757,0.94636,19.713599780141667
NSO-1891,4,5.4878397979407705,27.121821996200858,53.51291160927407,214.05164643709628,54.25327146122994,0.2250004185979843,0.8616999999999999,21.21045956387335
WMI-2253,10,4.555367599035174,26.56161195915167,39.0789935183896,390.78993518389603,107.38178410853712,0.21956690780255408,0.80541,19.19516426541399
JZK-1207,1,8.558659612856722,23.8052306134726,50.95435203865668,50.95435203865668,13.662532574415073,0.26813278999308926,0.928,23.8052306134726
RQJ-1369,5,4.547143985842949,24.227269295949014,63.33823696551345,316.69118482756727,35.68346818371943,0.1471750672950624,0.84604,23.99775955458228
GHD-2567,8,4.033594147416617,24.14073040721674,47.7892748744117,382.3141989952936,105.01204587814415,0.24402252278473804,0.939175,19.937084496537597
RDO-1421,4,8.79435938424113,29.883918989921956,47.67662374478219,190.70649497912876,71.80656457064845,0.24234751772965468,0.886625,22.079195586423936
GIS-2221,8,6.956855444339597,27.4497285765544,52.21274169063979,417.7019335251183,175.44384120509093,0.3366546105314372,0.9478749999999999,20.18482281810479
KNB-2309,8,5.540628303700638,24.73662650545203,62.95986541377561,503.6789233102049,123.40634407623556,0.1737646881438213,0.8215875,21.11938387461774
VHS-1062,3,4.97154666181196,25.850717760414,55.95500163941134,167.86500491823404,73.84428236693259,0.2157666550959687,0.8371999999999998,20.85614900642576
PHS-1928,2,4.479746798698493,20.254301573182676,24.930316689410542,49.860633378821085,21.654263491722453,0.32287084012565614,0.9067000000000001,17.152545918243263
WZR-1942,2,2.1289855516178604,23.35850662160682,54.616770705604424,109.23354141120885,48.21850502094866,0.2779263068708573,0.9458,19.294252968967275
PVJ-2316,6,7.059582091130559,27.34721202994578,64.09908492203105,384.5945095321863,87.95708868871765,0.20012342559834337,0.9453499999999999,23.95368582193407
RZQ-0094,1,4.054234928405474,27.352890762942536,63.947351294374656,63.947351294374656,21.27127776197787,0.33263735450211007,0.9846,27.352890762942536
NYA-2152,1,10.473631377120562,23.87662040158134,68.31706425719341,68.31706425719341,13.203818435919077,0.19327262638527076,0.8703,23.87662040158134
RZQ-0244,16,4.154101413076694,25.15504448783547,56.08506030299013,897.3609648478421,166.4388768229968,0.14832364086176522,0.90635625,21.441156385377464
ALA-1838,6,6.440615518527828,28.49786891264184,58.4052566604392,350.4315399626352,122.82480886037216,0.27571163665611165,0.9552166666666667,20.14879724281451
IAK-1196,12,4.393878941351841,25.760543247031514,57.02762945258272,684.3315534309927,119.49944309967448,0.16464940260993052,0.9116000000000001,23.760101648372576
ESW-2459,3,5.74331249478798,20.226152460194832,52.21158815607031,156.63476446821093,31.997140371528896,0.21550330702596832,0.9786333333333334,19.743884836838838
QEA-0365,17,4.60134099226601,25.30896861220041,54.27900587387572,922.7430998558872,290.3525819019831,0.24276579239540552,0.9307058823529412,20.52460826366514
MHY-1021,10,4.963891049877,28.286194243559482,44.31181449417879,443.11814494178793,153.66376521477025,0.25611904572073196,0.8434800000000001,18.0749135160989
IKJ-2099,9,4.607691121157198,23.625103693173735,41.42700230179589,372.843020716163,89.66458898942761,0.21331888049678976,0.9296222222222222,20.265055948352252
TKJ-1132,6,5.235103207399535,24.747262032905297,42.24594232815455,253.47565396892728,69.05080683040933,0.2255691258964548,0.7842166666666666,21.901122090802094
JIL-1994,11,6.630391973709643,27.43346115535591,71.02049605255047,781.2254565780552,164.46249858532704,0.1569845485131043,0.8556272727272728,23.39717992063195
VZE-2346,3,4.333526105846473,23.789075539288703,61.154706963695595,183.4641208910868,42.079210833235976,0.17974681600059442,0.9695,22.48001332599241
WJU-1348,7,4.7296963122709474,26.47577109693011,59.216856043563425,414.51799230494396,111.93739356770408,0.17077407023399177,0.872742857142857,18.663458837117403
RZQ-0333,46,4.537605711889497,28.551951875821818,53.67279812333067,2468.948713673211,624.3280420209239,0.20102518724115548,0.9068195652173913,21.82455247010485
NYA-2485,8,5.090766396670064,27.661037220597102,59.96116992915578,479.68935943324624,91.37452029099174,0.1678557961528827,0.9549625,25.638223848617617
YJD-0312,4,6.118615517094644,26.149201126485863,83.26418830671157,333.0567532268463,63.82689849944755,0.17511446557835958,0.922725,24.20159065174313
WZR-2235,4,4.347389141450354,27.885780308399497,79.9925715955168,319.9702863820672,29.823012545926566,0.0720255554381819,0.93245,27.066196714952884
UEX-1111,4,4.068039813567047,28.346561283467963,82.7366255472765,330.946502189106,40.49562417057917,0.09957947921835494,0.979225,27.288726875773303
RZQ-0168,1,6.49517685220236,24.00398006162299,82.0836249668676,82.0836249668676,13.304430159039718,0.1620838524664322,0.9361,24.00398006162299
KQQ-1203,3,6.546615801576401,26.039132991422417,62.37790390272277,187.1337117081683,30.00702957417294,0.14520981123787854,0.9088333333333333,25.90241444480346
DMS-1813,1,5.99577397287742,15.87033662421226,47.077955378793874,47.077955378793874,9.740267819334386,0.20689657698519892,0.8484,15.87033662421226
VHS-1380,1,4.766064363522013,18.082955957997537,63.96109739407021,63.96109739407021,3.9736264430576473,0.06212567646511393,0.947,18.082955957997537
MRJ-1450,12,3.3346846308300893,26.070350694241295,53.57869951559059,642.9443941870871,113.02370677450679,0.15668996511729463,0.8618333333333333,21.825322042730996
GHD-1063,5,3.415861901260102,25.63100077883081,40.6581596945143,203.2907984725715,76.22676832905468,0.2618944612042323,0.91936,17.909387127246358
RZQ-0231,77,4.614283259129068,27.3978235156003,54.73886587597436,4214.892672450026,1115.5235753521129,0.19667807899442208,0.8913103896103901,21.397834750890198
UKI-1388,6,5.81189493069796,24.30934228520244,63.593384160144296,381.5603049608658,83.21878568271342,0.2213495117454065,0.9207333333333333,22.474549747975274
APZ-2471,6,4.9874227384584815,25.581381498440965,64.04232810669349,384.2539686401609,72.90753290709048,0.15776576589550836,0.9656333333333333,23.651856171159203
IAQ-1783,14,4.013853876941313,27.07412573991936,57.12163876784795,799.7029427498712,169.5764681888982,0.18307200824946007,0.8973571428571427,23.61673744852585
IKJ-2078,4,4.294912047445969,27.26901529170066,60.382370353308886,241.52948141323554,85.09451815289033,0.2621298151855341,0.9265749999999999,23.17708201055026
RZQ-0347,19,6.630878187533333,24.694338408619238,48.97634908142352,930.5506325470469,268.7719671345075,0.24077880217585146,0.8239315789473685,19.395555175345006
WMI-2030,4,4.6730702245602815,22.444840156197305,67.09393324381944,268.37573297527774,64.11553309203688,0.17598181790288137,0.9676750000000001,18.75422944950073
APZ-1778,12,3.204406089864006,26.93565544005561,54.63884171344774,655.6661005613729,248.5071461286146,0.2707937472723419,0.9202083333333334,20.133772598955826
MCJ-2358,1,4.112689848451907,22.325889238697822,68.26727574274713,68.26727574274713,11.90268605761592,0.174354197206712,0.8987,22.325889238697822
IAK-1871,7,4.3894808283053806,23.448882489043473,41.679006698319135,291.75304688823394,123.81122950217642,0.31207194446889275,0.8925428571428571,18.623033746444747
ESW-2577,5,5.298458962338462,22.222103458347334,45.79016346949909,228.95081734749544,50.86975261746002,0.18927989011937524,0.91956,21.895839690681733
DYE-0188,2,4.080344514506912,26.669691842123125,54.222622398462505,108.44524479692501,46.049064721151744,0.3226735405359635,0.9378,21.83801920210176
JNJ-1930,1,3.781015560399853,7.631213155375579,31.0089025034347,31.0089025034347,6.833078846149376,0.22035861621972946,0.5736,7.631213155375579
YJD-0224,1,4.827623763522868,23.957689637865403,57.45198834304626,57.45198834304626,15.0267850693536,0.26155378608706376,0.9857,23.957689637865403
VMN-2407,1,7.279201898620331,23.928255843497173,69.86613073372646,69.86613073372646,12.72152946233694,0.18208435659362884,0.9389,23.928255843497173
UWE-1286,1,6.105496959609487,20.98154070877157,61.20812307696489,61.20812307696489,15.471971545136018,0.2527764415465102,0.7742,20.98154070877157
JIL-1581,6,6.153123064040744,23.467176019915605,48.4627153854409,290.7762923126454,66.33819599593927,0.15689531410105093,0.8547333333333332,21.24485757614398
YJD-0327,80,4.832019697555372,27.831992862398398,52.724102871654,4217.92822973232,1049.1629411004592,0.18188263726887433,0.9384137499999998,21.63161586270326
YJD-0185,106,5.009730285789911,29.005804109035427,52.38097454566126,5552.383301840094,1517.621594612534,0.21074975087757494,0.8896660377358492,21.219409313035843
IHI-2576,14,3.19993921828315,25.94049301760209,55.35079978448441,774.9111969827817,205.7495687213541,0.2027573098037362,0.9356071428571429,21.717125973459297
HMN-1226,5,8.93231148448338,27.269159321457238,80.83528198979387,404.17640994896936,92.43118107804688,0.17806540199666826,0.92516,25.672613721600456
DYE-0276,15,6.251783480144673,27.591025729253083,50.53095884863061,757.9643827294592,274.0025073839651,0.2654172761774453,0.88216,21.52943057920985
HMN-1397,7,4.183289855857711,21.329673164611275,49.64316494440585,347.50215461084093,68.82622433285054,0.15563172380442963,0.7508285714285714,19.22585999749784
RZQ-0310,41,5.511374637193286,28.589873974294186,51.02971624283738,2092.2183659563325,521.1015971274524,0.20641301287114636,0.8879951219512194,20.911409052926903
OXG-0018,11,6.64600134143449,26.642157060659645,53.07372603798196,583.8109864178016,173.80750633888763,0.1927158146732998,0.8553545454545456,21.887563633043705
TEQ-2236,7,4.524986742055854,26.3031677453023,55.43865300845498,388.07057105918483,102.61150087129867,0.21847648320383062,0.9492142857142857,21.32768997614133
YJD-0281,11,6.708390732071653,25.80189544827163,61.58771464210974,677.4648610632071,161.71299567482234,0.1923429523105874,0.9280545454545454,23.427197601604778
CGA-1353,6,5.3212149408468425,22.686233047923093,56.5024448244254,339.01466894655243,74.3424749610653,0.18420064058047034,0.9613666666666667,20.844329712318807
AVV-1582,1,1.5549728606618636,11.040782993267909,40.005246126994464,40.005246126994464,6.179665971820712,0.15447138988230943,0.9434,11.040782993267909
PHS-1784,5,5.4798626056008235,28.989420482668244,59.22174061394192,296.1087030697096,78.04987627562292,0.2008885998561068,0.8170400000000001,24.705332448651173
ACN-2455,7,4.807591740289593,27.88553286851927,75.19461028183592,526.3622719728514,87.28835121198979,0.14247254629627498,0.9670714285714285,25.446716287372308
VMN-1439,5,4.864068759105823,23.04343522959509,55.726135999290236,278.6306799964512,78.46302202771282,0.23064453952592295,0.8917400000000001,21.429999347731343
RZQ-0400,12,4.258625308165196,28.814317283756743,47.272714868217236,567.2725784186068,179.43233529751598,0.22417258935577675,0.9160083333333332,21.877969877305496
JZK-1356,6,4.624381068326421,26.159907745458316,49.20322157312942,295.2193294387765,60.90242005685356,0.14526721118112879,0.86935,24.895298704917277
HCI-1436,4,7.85728856841795,26.367952187610125,59.63154087286898,238.52616349147593,74.76603526151531,0.24287228975383338,0.8346,20.65512733073089
XLB-2532,10,6.462193706120765,26.119857938092387,57.81077570427165,578.1077570427165,123.51156010343799,0.20696047471716064,0.8893599999999999,22.360387259007737
IAQ-1669,4,7.025168128323976,27.309951998489947,58.73093170983389,234.92372683933556,66.91605887128694,0.267228090737579,0.924675,18.180808380484677
KIR-1250,2,5.269549968982123,22.824653890004658,57.76865588542698,115.53731177085396,26.772548224344224,0.2098287420283525,0.79735,21.394010748486235
LFS-2216,7,2.8768011888717555,22.8947888894452,38.642806722159854,270.499647055119,60.244494983802156,0.18269094515214546,0.9438857142857142,15.473079385941782
JMJ-2042,2,3.897128969696248,20.55747412708491,52.35942891032991,104.71885782065982,36.44630613430352,0.28399670912863967,0.97255,20.170486874387272
RDO-2222,4,4.363225090130481,27.769931863930083,50.62493124764201,202.49972499056804,68.16603211696494,0.22759661820235294,0.939175,24.071995557975136
WZR-1285,3,6.343927734239308,23.013802515719856,75.12178266353713,225.36534799061138,53.78014936884655,0.20949808111289336,0.9345,22.853696988676504
CMS-1730,2,3.2561426102836615,19.48014493404593,56.42045574501989,112.84091149003979,59.034705579079095,0.3608040952283161,0.8855,16.463638959573164
XFE-1064,1,7.180612160445543,19.41168539248536,33.099871217591165,33.099871217591165,10.001828939421866,0.30217123425260706,0.9599,19.41168539248536
IXC-2106,1,4.628780849060504,18.898590167777886,32.37832002192983,32.37832002192983,13.747418341880211,0.42458714141342374,0.9315,18.898590167777886
TKJ-2441,11,5.0322218374907814,31.245251217514607,60.9746668813863,670.7213356952493,155.58314428078245,0.20043366610538846,0.9271636363636365,21.590696874757676
OWH-1191,6,4.634251470459966,27.743329916896123,56.0823472465143,336.4940834790858,135.3495120456642,0.2636170152259369,0.85875,20.404527738387486
DYE-0095,19,4.672148362273117,23.05959284107974,49.837800595690766,946.9182113181246,264.8201792422476,0.22721667577829444,0.9371315789473685,19.95351266587045
YJD-0278,18,5.2373675353517495,31.690676596167073,56.95105434170869,1025.1189781507564,257.57517449064545,0.19244093782454208,0.929588888888889,20.907748219311216
YJD-0338,60,5.302535675243182,28.87785107664245,58.554503193127374,3513.2701915876423,905.8947770979432,0.19536593853769013,0.9241166666666669,22.924041419308143
ACN-1147,12,3.553480397239007,23.64111994675999,43.149248828185556,517.7909859382266,163.00437129679662,0.22310700117438131,0.9386083333333334,16.92241705254746
WZR-1090,2,4.973503041948097,25.11047781329017,65.83451121116883,131.66902242233766,48.92623446170988,0.34004410544290337,0.992,22.684704995243408
UWE-1876,6,6.11005147950637,23.662950764868416,59.63059683288165,357.7835809972899,54.207896495767315,0.17037956612183577,0.89025,22.30013726138547
YJD-0305,3,5.185085332655097,25.395330642674736,56.546244549601646,169.63873364880493,37.140336059464104,0.1880583942785781,0.9892333333333334,23.705431324161566
AKX-2097,3,4.42960379441673,24.73054441680011,77.98476355587596,233.95429066762787,29.114197018238894,0.1344875755304574,0.9203666666666667,24.347328068999964
MGJ-1146,3,4.273035516946186,23.178909518044616,39.625065267875385,118.87519580362616,59.28429377400812,0.3494365460349573,0.8904666666666667,17.724942205815758
NYA-1183,7,6.093969248552095,28.415355243370122,56.93479541310911,398.54356789176376,102.89915088903524,0.19835910424291,0.9585142857142858,23.401300899020168
KIR-1636,3,5.375307530610539,20.258378362031948,53.78747370628088,161.36242111884263,40.72001669180243,0.2076603489243883,0.7239666666666666,17.496255660594418
JFU-2315,2,4.235056915549032,27.565557567483875,66.03319378125556,132.06638756251112,20.26572169629809,0.13950913583135552,0.9048499999999999,23.946334477494297
CRQ-1190,7,5.35455915309795,23.801702030606144,49.94886689790665,349.6420682853465,86.46233796452795,0.22139444123861068,0.9316142857142857,19.97365584716979
WNA-1635,4,6.249393636987674,23.15828244233659,54.49999215526138,217.99996862104553,62.29479251044312,0.2322634100773183,0.90685,20.47979411960468
KJH-1782,6,5.855040033617684,28.939493380820572,68.66108926196382,411.9665355717829,106.83498863575043,0.2264748177999519,0.9253499999999999,24.194087321479312
TEQ-1723,1,3.4515885180140082,19.205209577874523,34.19270085064819,34.19270085064819,10.673111884463975,0.31214591474021114,0.9896,19.205209577874523
CMS-2305,3,6.823373872461818,23.678373418577948,79.77483666110349,239.32450998331046,33.0674680790396,0.11969178087015053,0.9623333333333334,23.614229535555097
OXG-0261,2,3.2080072604972063,22.318579959653654,87.63026641193784,175.26053282387568,27.88387251385401,0.15635727412705186,0.90755,21.638118407538077
VHS-1791,1,5.650141697791356,27.649486255174374,94.61332425742387,94.61332425742387,18.05320791022846,0.190810417580396,0.97,27.649486255174374
DYE-0238,1,1.7963182752431994,10.675703927627406,46.22855235671471,46.22855235671471,5.927278179315753,0.12821682438980406,0.905,10.675703927627406
XFE-2310,2,6.494769223034716,18.531499315534106,44.778747185160896,89.55749437032179,31.227633137309514,0.31799279275729186,0.9293,17.93004299437071
LFS-1637,13,4.132118854943587,28.830479105304384,50.06386991683294,650.8303089188282,274.712890546507,0.2780660327785974,0.891676923076923,19.503609425473073
RZQ-0279,43,5.71110469539974,28.621309137288296,53.149253972586074,2285.4179208212013,632.9293494567124,0.2011389695385687,0.8880883720930233,21.916113342966582
QZE-2280,9,5.08353635210624,30.135968388281025,58.93216243589451,530.3894619230506,66.45549978143559,0.11886708835230762,0.9422222222222223,23.5070855795543
RZQ-8888,40,5.176021590573454,27.390189773124206,57.484180053738875,2299.367202149555,624.3624248839869,0.20925365646631772,0.9012524999999998,21.51125628672056
JFU-2129,7,6.3092199942121185,26.027940406010163,44.58751946126761,312.11263622887327,113.46081339689869,0.25905315242280197,0.7582571428571427,19.178697812879008
UPU-1270,8,6.492075212390033,27.541981479219377,56.505600613936394,452.04480491149116,44.014592244763065,0.07653585716036963,0.831275,22.911016565135586
LFS-1814,5,6.339504940538056,26.34706224611977,46.50088447725268,232.50442238626343,67.74719759732743,0.24107592377494025,0.9400600000000001,23.20823730656012
PTB-1274,5,5.841607617162436,25.02063295627111,39.17317494817952,195.8658747408976,62.97887749914268,0.24648671496486543,0.8252200000000001,18.84366045792529
JIL-1171,3,6.69546700060901,28.777080264404354,63.471091947024895,190.4132758410747,38.18637910645887,0.13808298325401283,0.8755666666666667,26.27442783883665
YJD-0210,56,5.007980768167747,26.104088557442196,54.30359518951942,3041.0013306130877,759.3278333196475,0.20420984203773837,0.9122375,21.610432733194504
JJS-1625,5,6.004998968565336,22.037063220920007,49.3681113659106,246.840556829553,43.50771713934407,0.1721133524146526,0.95692,20.31555291089923
YJD-0229,4,4.358478955974521,24.89955280727324,65.04742215601733,260.18968862406933,59.75822558850703,0.21425886439387332,0.901675,21.372646072473245
BEJ-2334,3,7.274821862004331,21.754057040063042,45.47451899748492,136.42355699245476,41.25268290690767,0.3133405220888587,0.9292000000000001,21.683163159104506
YUH-1741,8,5.35968922235799,23.654403194372854,64.26931301536324,514.1545041229059,85.79789436827863,0.15985279390454882,0.9074125,22.021009385186318
VMN-2242,9,4.438783891229656,26.11327017994197,62.27648784231959,560.4883905808763,194.90740618109518,0.28812346019769086,0.9169444444444443,21.075113692608944
GEA-1284,4,4.1128399968075815,22.752239398810172,55.72763933364168,222.91055733456673,39.03491902675605,0.1489816614799886,0.93595,21.256774464717946
GAX-1096,4,4.526361387846465,27.775194343666648,73.04096640390976,292.16386561563905,69.0348683096095,0.18995493925334034,0.8590249999999999,23.662687488171887
DMS-2214,2,3.323135814157807,22.71390326262502,53.66379852876773,107.32759705753546,15.216715504212745,0.1274576200786158,0.9796,21.6460722982728
GHD-2483,7,4.343342179741831,29.004764728084986,68.57354419579988,480.01480937059915,86.38458960583453,0.1556984291511114,0.8898,27.55957020774675
PVJ-2157,6,5.225852860159787,22.7837678991367,46.58055333290218,279.48331999741305,91.87817320300955,0.3128033089160623,0.90225,19.513209548933915
POW-2095,3,5.3903986374423125,24.89019191639174,57.46631038642695,172.39893115928083,60.83168462250094,0.266266808492409,0.9385333333333333,19.943993578673396
BEJ-1989,4,4.591931092278164,24.0819401935667,58.80696507680726,235.22786030722904,58.2503497864458,0.2100383382882784,0.946075,23.512137567519645
JNJ-1549,7,5.4228876008256375,25.01240401661976,50.956706710602234,356.6969469742156,115.91455004425717,0.2467461641524477,0.9479999999999998,20.68670981087928
CGA-1198,2,3.2815698460640967,22.181320914527866,42.75450225634597,85.50900451269194,46.1300423324515,0.31104180724193237,0.95895,16.674943495855416
OWH-2006,1,6.364392794077488,15.5823005880973,59.673760368386425,59.673760368386425,8.637343445156757,0.14474273770976553,0.8532,15.5823005880973
KQQ-2247,1,2.516731596684057,19.708105883749543,56.572670927575075,56.572670927575075,10.576530338821168,0.18695476394178653,0.9485,19.708105883749543
ALA-1387,1,5.707515215915838,21.145534844197577,47.49624015643254,47.49624015643254,14.013789365186136,0.2950504991348923,0.9429,21.145534844197577
YJD-0193,86,5.885634670714485,28.59820533847182,56.35635411190034,4846.646453623429,1141.214272648788,0.18144800314420004,0.8918383720930234,22.218035551514955
UPU-1095,8,3.2978183441612723,25.056033381365953,46.05669392047478,368.4535513637982,96.03740184015709,0.19489080709662024,0.8767125,21.14768992030793
APZ-2380,9,5.076615922963402,31.05912795582011,65.40340641986948,588.6306577788254,145.01787047713754,0.20881784107049942,0.9314555555555556,26.17341324103323
QEA-9999,43,4.4059737654649656,29.12911601300189,50.87162769417241,2187.4799908494138,655.1858021764541,0.20421841247638006,0.9169906976744182,20.809431473624326
XAX-2378,15,4.137404458646325,26.826279602998927,62.97394886848259,944.6092330272388,152.13149243490957,0.1490268175707308,0.93846,25.015851212831414
YUH-1918,10,4.8934073730069025,22.974395266273977,47.25858900711711,472.5858900711711,92.0682268669706,0.1777863165431672,0.8032100000000002,17.250188428259502
VZE-1476,3,7.829393611114132,24.163945721031492,51.409834343133376,154.22950302940012,37.92536062325017,0.20210497230132418,0.9003333333333333,22.331051297576984
OXG-0029,4,3.712726837793432,23.26829145165965,71.77812845103409,287.11251380413637,16.25234086872893,0.0675516178196695,0.9685,23.112113764427075
FBP-1349,4,6.064970281208375,27.71258372804413,71.43470650651048,285.7388260260419,59.43534787593571,0.15379463027415885,0.9314,21.731881756659558
UEX-1828,2,6.991575069280598,23.81181214333379,54.36037169990071,108.72074339980142,19.114981661548306,0.1387706423778897,0.90865,22.052264419365873
QZE-2217,11,3.7429720341754544,26.0642521831736,45.532142755863056,500.8535703144936,197.8776974577737,0.2790657121037041,0.8161181818181817,17.526517870125623
JMJ-2220,4,3.184200602923047,21.334772191805452,55.83808842711585,223.3523537084634,51.95789454084564,0.20097756401145234,0.90435,18.45585634792496
HKR-1590,5,6.7510133035025035,22.96607604231966,44.089152851241764,220.4457642562088,54.898774573671616,0.22162633455128167,0.67584,20.73983784746827
XFE-2484,2,4.876600306933254,23.490936741145774,58.85595948453779,117.71191896907558,29.119292952281256,0.24740901408707117,0.90705,23.294874680405982
JNJ-1546,1,5.818284533680665,21.17478437170904,40.955934097699576,40.955934097699576,9.834445103290424,0.24012259322008256,0.9558,21.17478437170904
DYE-0241,6,5.105753746721107,17.736494447696884,46.06310096289237,276.3786057773542,28.76185251029883,0.08601257041725764,0.8452833333333333,17.305578458548766
QEA-0117,6,4.836996357674914,22.944858437291607,50.020193496796686,300.12116098078013,55.62741223177936,0.15434916384407846,0.8017500000000001,21.396961864770066
ESW-1908,1,8.163240717090304,14.574397967303463,31.512721750957496,31.512721750957496,10.27982873797025,0.3262120238045736,0.8915,14.574397967303463
ALA-2045,2,4.649514127305116,19.368420645690122,56.356807217994294,112.71361443598859,16.164501632508767,0.12546814910212825,0.9528,18.12879225711647
STK-2096,3,5.397687362320678,23.158153563135215,47.87902307613021,143.63706922839063,39.36712413603793,0.20885549851873006,0.9649666666666668,21.55846992438538
RZQ-0236,1,4.56642035989943,13.5220016979007,51.24540831316615,51.24540831316615,8.146279463118361,0.15896603678783433,0.9589,13.5220016979007
VZE-1879,1,5.736248051367305,23.367546431023687,50.61372913218914,50.61372913218914,13.198537609150018,0.2607699103671865,0.9808,23.367546431023687
YUH-2350,1,2.431121754868603,14.423174015583253,21.30243594754925,21.30243594754925,6.588207620979447,0.30927015282200115,0.8323,14.423174015583253
IAQ-1483,6,5.755212532370163,26.950536573657484,53.083011224912525,318.49806734947515,71.42102096437334,0.14433270069738593,0.789,23.076129101000316
BVD-1474,9,5.094931653358988,26.095544038654435,61.040731186645466,549.3665806798092,161.59047422301668,0.21499942748714534,0.8290888888888889,20.977765967015042
RZQ-0275,52,4.4181514350286,29.52947074959601,56.606951259753025,2943.561465507157,759.5024358983769,0.2013301651597408,0.9003153846153845,22.197911631429676
AKX-2319,5,4.695101785874447,24.078491763890977,40.49527092373327,202.47635461866636,54.18739459108559,0.2643093823779612,0.87486,16.030819396594875
YJD-7777,32,5.348622114074001,26.871184472201726,52.156271153828634,1669.0006769225163,362.5838458536047,0.17331274148283188,0.91953125,22.4330754588037
POW-2012,6,6.3314979463992165,24.044937874452618,52.771025052011304,316.6261503120678,72.45596996472351,0.20928895034353623,0.9644333333333334,21.487527595260303
STK-1023,6,4.0765690201811084,26.041747738540238,50.06055157629955,300.3633094577973,62.98374033485507,0.17231846694221986,0.9577833333333334,22.74465558205015
RZQ-0214,25,6.5517447993456175,31.84053815091487,62.850260617520746,1571.2565154380186,359.99996572432093,0.19067317702089426,0.9022119999999998,22.068071638505334
UWE-1943,7,4.740279865140359,29.966741672515944,68.91756910368989,482.4229837258292,153.75026123334575,0.21242064077727268,0.9256285714285715,25.17269185746223
GAX-1732,6,7.030819705409588,25.278105508925513,69.87609268868333,419.25655613209994,59.17680072638946,0.15196430140471248,0.93095,22.128748246707197
BVD-1722,6,4.491103035618122,26.673550257970142,45.46449930238649,272.78699581431897,78.74652082110956,0.19911500158430515,0.7826166666666666,20.080602440298513
VMN-1279,7,6.010826044546307,26.28861823261079,58.31269065139281,408.1888345597497,56.46433796491773,0.1422631612144249,0.9176571428571428,24.569263888397955
PHS-1013,1,3.9471190096150175,9.019087582876589,13.984130318907361,13.984130318907361,6.232494310253211,0.44568336879888154,0.9292,9.019087582876589
VMN-2212,3,5.988095196711265,27.038275963499387,68.38889676579284,205.16669029737852,40.55695600756201,0.17265309294098338,0.9192333333333335,23.144489732996686
KNB-2151,4,3.9486591225444703,27.363891670359013,67.89276570227197,271.5710628090879,77.20743211803142,0.19778554483905425,0.93265,24.22810167424245
VZE-2373,3,5.908810209048803,22.36143012210233,54.159126926226065,162.4773807786782,20.156023111234166,0.13187009981435185,0.9892666666666666,22.00328257213355
RZQ-0401,1,3.3495831325779206,16.34321640169406,41.49139693920975,41.49139693920975,7.186576336865544,0.17320642029466507,0.8393,16.34321640169406
VZE-1724,3,6.539681117820685,28.196615718186923,75.01884086310064,225.0565225893019,77.5676724410819,0.2623379444045324,0.9101333333333333,24.159015340342542
YJD-0072,1,7.021139616125765,9.575153573369434,24.48173586301247,24.48173586301247,8.000027635598322,0.32677534307054323,0.9908,9.575153573369434
REC-1999,1,7.060606161038346,20.63356897398804,47.21456718479042,47.21456718479042,14.12869283330241,0.2992443577424933,0.9491,20.63356897398804
QEA-0424,45,5.978245973865874,27.270730936569397,54.53153148293079,2453.9189167318855,573.11488294548,0.17774271707267558,0.9237577777777778,21.64567804636999
RZQ-0274,106,5.490508400728015,27.505089922279012,55.728605601123775,5907.23219371912,1562.9599523495071,0.212283302023292,0.8959858490566038,22.044963688959648
XAX-2387,11,5.034286341317938,29.270233422086307,69.43994420170205,763.8393862187226,138.60304807827964,0.14542379511821124,0.9234818181818182,26.844376734468533
IKJ-2524,8,4.7385268780020855,30.649844961971525,55.477808330055474,443.8224666404438,73.07538067226388,0.14821976194684439,0.9776125000000001,23.15346200565139
GIS-1035,9,4.173065085367381,28.541559910948404,44.71636233326987,402.44726099942886,125.31454631505919,0.23594800996715,0.8485111111111111,21.545824787368918
RZQ-0346,79,8.695038938920355,30.067671236177908,57.805860946592105,4566.663014780776,1286.624566767663,0.20316843351009026,0.8310683544303797,21.56304803514472
ACN-1180,6,4.406345160971584,25.89766265302372,62.47960732252296,374.87764393513777,99.10392261073734,0.22029660849237384,0.9522333333333334,23.216547699107206
FBP-1220,5,5.512003429273675,27.246101112247423,69.74644187636132,348.73220938180657,106.35128952486878,0.225550609080508,0.9380599999999999,25.599614021749893
YJD-0345,57,5.0144827508227925,28.183502042410943,61.493083120015115,3505.1057378408614,897.2370915846385,0.19927571621952375,0.9217368421052631,22.85703794956476
QEA-0180,4,4.49555105865098,19.757380879312727,59.30883504873502,237.23534019494008,30.84378738344303,0.10393651869857698,0.8430749999999999,19.60872132195762
QZE-1638,16,5.742906382648735,25.83116487558067,46.21027463401562,739.3643941442499,182.2517111428734,0.21856255975185906,0.9263687500000001,21.631207720801665
KJH-1482,4,5.737268773479215,23.560968012965365,50.199068071223095,200.79627228489238,48.73980580668841,0.27845643257131897,0.9377249999999999,19.278386897723056
MRJ-1806,6,6.240309444346632,24.74410364952636,60.66215250513927,363.9729150308356,93.71994906434595,0.23902843707649035,0.8958666666666666,23.34667867937425
JMJ-1419,11,4.007265801299231,28.01947976036605,63.646565047976836,700.1122155277452,216.96774128434376,0.23904689950910726,0.8365272727272728,19.37481913092247
AKX-2076,4,4.59867336368116,27.953080074382736,78.58866255644466,314.35465022577864,82.1730506373444,0.22425914748458667,0.8456250000000001,24.383537980840625
RZQ-0205,6,10.084339022115339,29.31826363678312,57.531519602035964,345.1891176122158,106.02907490066553,0.24480080044227925,0.88935,20.832156263037948
GHD-1181,4,3.7047489137444507,24.681667176238346,53.99318864878095,215.9727545951238,57.18575895476,0.24868581849055732,0.7682,16.704999480177648
RQJ-1145,3,4.916256454899676,26.606786624444453,58.717073000686376,176.15121900205912,52.70363901146736,0.18115916362364723,0.9309666666666666,23.840143309291307
CRQ-2005,17,6.734069889725141,25.961642947199373,61.03215505882571,1037.546636000037,240.8859178555144,0.19598143070447754,0.9110176470588235,22.60071955283405
RZQ-0059,13,5.550261125684158,23.973096920663462,46.273347586146116,601.5535186198995,118.53635509749401,0.1494141096345803,0.9052,21.858836749847846
POW-2308,4,4.703579789276395,21.894842797885584,47.084746294582224,188.3389851783289,40.89905781119107,0.22887424242266133,0.925025,21.183498772530463
FBP-2143,8,4.558041105577464,26.699526866484586,50.247415880941574,401.9793270475326,147.01428657122705,0.24602091555358027,0.8965875,18.98505381274679
WMI-2100,1,6.193939885598548,27.290228473637846,61.500000493879305,61.500000493879305,21.36812731317563,0.34744922181427074,0.967,27.290228473637846
KQQ-1402,6,10.134845298138204,27.871866236451712,75.24665243711085,451.4799146226651,101.23091311557708,0.20181501124949866,0.9435666666666668,24.535009797233876
XLB-2307,9,4.841491418181865,23.673337003928584,53.8885859248501,484.99727332365086,169.31182962484579,0.23645084312526427,0.864311111111111,16.62696667441155
YJD-0340,96,5.195573823814754,30.792144672293404,55.71143020229704,5348.297299420516,1545.3606643638745,0.22718984095651273,0.9098583333333333,20.88031920382499
DYE-0331,32,4.475632571230629,26.86120686586665,53.33072920021918,1706.5833344070138,474.32636723451526,0.21544913868883742,0.8957468749999999,21.366742768774987
RDO-1818,9,4.280017934337957,28.158091384463468,52.23983877262504,470.15854895362537,77.35292166463456,0.12782702495837464,0.9193888888888888,25.30248745562471
APZ-1543,10,4.1928396274020265,21.11783154797741,57.15619143045761,571.5619143045761,72.57707906589079,0.10058820924318308,0.9107799999999999,20.202446919456413
QEA-0249,61,4.387125509620566,29.315124364628975,54.87176302539917,3347.1775445493495,865.9280416294743,0.20454243715369255,0.9278885245901639,21.461978930284822
UEX-2073,10,5.981023028216526,24.09713055713097,59.99247987349615,599.9247987349615,132.7835721986347,0.20788500590392595,0.8119,21.194428824405083
JIL-1986,1,2.0793755724160583,9.221002443402007,28.961459199214357,28.961459199214357,4.83833462798252,0.16706114822121154,0.8922,9.221002443402007
ESW-2445,7,4.770389518436266,24.32901274516125,55.57900549198801,389.0530384439161,72.34702019926807,0.15781908779958312,0.9458857142857144,21.382819714235286
BVD-1877,7,5.913189356907702,26.07298614498661,46.22492891065772,323.57450237460404,98.92396455508666,0.25296835907658016,0.9291571428571429,20.84854183174648
BEJ-1805,4,6.364898588629805,23.684947659166458,56.98931731002192,227.95726924008767,60.62991399345865,0.217854170429652,0.943775,21.580207821981656
JMJ-1816,5,3.9227360415914796,24.798730788122707,48.858044064704316,244.2902203235216,90.47562852812209,0.21450795155202468,0.8778400000000002,22.430196752784983
QEA-0364,37,4.785817736351736,27.78995445094399,60.30560263804943,2231.307297607829,422.91312820636915,0.15631106887270976,0.9160162162162159,23.07974945720275
KNB-1389,7,4.845628502562493,28.297792863730354,56.74103809239114,397.187266646738,127.05814471162698,0.2557016072837627,0.8901,22.107639949106726
MRJ-1973,10,5.817975488789453,28.425186587757384,73.56182072424117,735.6182072424117,172.91545842666008,0.19939329269285425,0.9515100000000001,25.64791313011037
RDO-2171,10,6.413036895322685,24.63569773714594,54.7810672215967,547.810672215967,109.05113911965314,0.20004711364514488,0.8125399999999999,22.676025045554773
CMS-1269,1,3.679059725567293,20.82174325687008,37.48175167388064,37.48175167388064,9.326001351676647,0.2488144479697709,0.9702,20.82174325687008
KQQ-1130,3,6.187089339205809,21.29626034513079,44.29151426029088,132.87454278087264,25.00497102702272,0.21340765144181684,0.9223333333333333,21.127539893190637
UPU-1731,8,6.648778684512125,28.088839903727614,47.997736347066486,383.9818907765319,149.55000353445783,0.29512229463638445,0.8619875,21.78114939180121
UPU-2017,5,6.246401417163234,23.922066542971063,57.423145261768106,287.1157263088405,59.21186436843901,0.2063301119827771,0.92454,18.078494191723493
TSZ-1278,3,5.452880517182205,21.8262854256406,47.28769097872311,141.86307293616935,25.924028023338938,0.15014052243146345,0.7818333333333335,20.580478619716423
WZR-1721,10,5.729165503343618,31.463886795713634,58.80621929104849,588.0621929104849,124.3925942047722,0.16754400233133476,0.8679600000000001,23.22166395234843
RZQ-0330,1,8.225212998073038,23.63092586179723,43.928849988167734,43.928849988167734,15.746932187315954,0.3584644758867442,0.9556,23.63092586179723
JNJ-1763,3,3.3797753550120304,23.030822729096446,55.22126476185044,165.66379428555132,49.687872879639656,0.23865338483652745,0.9268666666666666,21.15322235998803
WJU-2251,3,6.846165234199535,25.772924117171762,66.03118089503525,198.09354268510575,80.9049235250175,0.24170823752416545,0.9509,22.727615384342982
QEA-8888,58,4.310571463406465,30.000789829339034,52.353091703502635,3036.4793188031526,819.7251984955124,0.20524669696571335,0.886860344827586,20.705024289741274
HKR-1786,10,7.7079484885929475,28.147713349017955,69.99413575654354,699.9413575654354,105.1752228525209,0.14484685581485857,0.8981999999999999,27.334305073717694
RZQ-0409,46,5.3204599408682665,29.293612999573075,58.23336736621068,2678.734898845691,673.368518016744,0.19696597056315507,0.8965673913043477,23.356703098875865
HCI-1255,8,4.56641310733665,27.979612841802844,51.39980877445,411.1984701956,173.3164233615825,0.30724928600835566,0.897575,18.24565940149492
YJD-9999,34,5.5659101830972855,29.067831427111578,57.84068643481689,1966.5833387837743,451.5006801696913,0.1982997027864332,0.9184852941176471,21.55097704081311
KIR-2527,7,2.7369372203390947,28.970050821027893,51.56834436721346,360.97841057049425,42.1140124252333,0.09645514733421548,0.8317142857142859,26.31082281054475
RZQ-0143,29,5.766935456676067,27.32984437822092,57.88342342444273,1678.6192793088392,390.16279648983704,0.18568702708061127,0.8900206896551724,22.098851188039998
JFU-1850,7,4.746045966981062,24.01589507224656,48.147081096152725,337.0295676730691,161.21650182370712,0.307421923658072,0.8706428571428572,17.76685785988001
VHS-2566,7,4.8462241653421945,26.565016314951095,54.08422045777565,378.58954320442956,95.58725897672518,0.21393089756187209,0.9329000000000001,23.795219945754884
AKX-1254,9,5.853722159980234,29.602589415701622,55.89489982748225,503.05409844734027,118.0375950050921,0.18259932588385477,0.8617,22.778199691909652
PVJ-1659,4,5.249834346445055,23.032655947780796,40.70307255335474,162.81229021341895,87.2601115045669,0.42924973254647375,0.9385,14.88987315708751
YJD-0260,2,7.083522531437684,21.450168988041398,67.76148189191713,135.52296378383426,1.9618596738808838,0.013890456147499505,0.96255,21.04773344486069
IHI-1223,3,5.588224665831821,24.10842795825718,66.78167052121016,200.34501156363046,28.31410407195865,0.12124696962259678,0.9732,22.95085174124283
FBP-1266,4,2.4517837993203053,19.835402336120858,47.48604033931411,189.94416135725643,76.85315815276506,0.29514759869540746,0.934975,14.236717014189802
KNB-1182,10,5.388786816049783,26.886540867067463,50.543453219146514,505.4345321914651,154.52063906198978,0.2650791089700889,0.8764100000000001,18.73458391330239
AVV-1174,4,4.569813792874351,21.817870713283916,28.035934240774367,112.14373696309747,38.49350813459372,0.24963843431455401,0.82505,16.19281185286834
ALA-1335,2,4.678314216457912,18.34156203300588,21.83722260577123,43.67444521154246,21.143766115006247,0.37281794846142696,0.95335,14.31567650403096
DYE-0100,2,6.033418505922251,26.70990078666864,58.610544706151146,117.22108941230229,17.498024035082647,0.10476782457985397,0.8618,24.529436576990133
NSO-2240,6,3.9841160932211963,28.51100953589191,63.30742285059997,379.8445371035998,98.96917967527216,0.1781416038361804,0.89305,20.020965769513648
IAK-2490,6,5.152344901138797,22.426888691987013,51.30884148767587,307.85304892605524,54.26576332073422,0.2233481387471996,0.8993666666666665,20.490760908739738
OXG-0396,1,1.1400024159010067,10.293288868968816,46.80919501681003,46.80919501681003,5.761280366229889,0.12308009920189632,0.8427,10.293288868968816
